;;;;;;;;;;;;;;;;;;;;;;;;;;;;;;;;;;;;;;;;;;;;;;;;;;;
;                Tablero KANBAN v3 ©?            ;;;Tarjetas con ;8; líneas;;18 tareas asignadas a ;;;;;Con criticidad ;;;;;Con inicio desde ;06/06/2026;;;;Con el texto ;;;;;Con un retraso > ;; días;;;Con una duración > ;; días;;;;;;;;;;;;;;;;
;;;;;;;;;;;;;;;;;;;;;;;;;;;;;;;;;;;;;;;;;;;;;;;;;;;
;1;POR HACER (3 de 18);;;^;2;EN PROGRESO (3 de 18);;;^;3;EN ESPERA (0 de 18);;;^;4;COMPLETADO (12 de 18);;;^;5;ARCHIVADO (0 de 18);;;^;6;POR HACER (0 de 18);;;^;7;EN PROGRESO (0 de 18);;;^;8; (0 de 18);;;^;9; (0 de 18);;;^;10; (0 de 18);;;^;
;;;;;;;;;;;;;;;;;;;;;;;;;;;;;;;;;;;;;;;;;;;;;;;;;;;
;;Tarea 18:;[REQ018] Consultar Mantenimientos Asignados;#¡VALOR!;;;Tarea 15:;[REQ017] Consultar Mantenimientos de Perfil;#¡VALOR!;;;;;;;;Tarea 12:;[REQ016] Editar Cliente;#¡VALOR!;;;;;;;;;;;;;;;;;;;;;;;;;;;;;;;;
;;Descripción:;Técnico necesitan consultar todos los mantenimientos asignados asi podran visualizar las reparaciones pendientes con búsquedas y filtros.;#¡VALOR!;;;Descripción:;Cliente necesita consultar todos los mantenimientos del perfil para asi monitorear órdenes propias con búsquedas, filtros y ordenaciones.;#¡VALOR!;;;;;;;;Descripción:;Administrador, Técnico necesita permitir imprimir la información solicitado para asi obtener un informe físico o digital previo a la ejecución.;#¡VALOR!;;;;;;;;;;;;;;;;;;;;;;;;;;;;;;;;
;;Inicio:;07/07/2026;#¡VALOR!;;;Inicio:;30/06/2026;#¡VALOR!;;;;;;;;Inicio:;23/06/2026;#¡VALOR!;;;;;;;;;;;;;;;;;;;;;;;;;;;;;;;;
;;Previsto:;11/07/2026;#¡VALOR!;;;Previsto:;04/07/2026;#¡VALOR!;;;;;;;;Previsto:;27/06/2026;#¡VALOR!;;;;;;;;;;;;;;;;;;;;;;;;;;;;;;;;
;;Final:;11/07/2026;#¡VALOR!;;;Final:;04/07/2026;#¡VALOR!;;;;;;;;Final:;27/06/2026;#¡VALOR!;;;;;;;;;;;;;;;;;;;;;;;;;;;;;;;;
;;Duración:;5 días;#¡VALOR!;;;Duración:;5 días;#¡VALOR!;;;;;;;;Duración:;5 días;#¡VALOR!;;;;;;;;;;;;;;;;;;;;;;;;;;;;;;;;
;;Retraso:;0 días;#¡VALOR!;;;Retraso:;0 días;#¡VALOR!;;;;;;;;Retraso:;0 días;#¡VALOR!;;;;;;;;;;;;;;;;;;;;;;;;;;;;;;;;
;;Asignado:;Lasso Sebastian;;;;Asignado:;Villarroel Justin;;;;;;;;;Asignado:;Valencia Yuliana;;;;;;;;;;;;;;;;;;;;;;;;;;;;;;;;;
;;;;#¡VALOR!;;;;;#¡VALOR!;;;;;;;;;;#¡VALOR!;;;;;;;;;;;;;;;;;;;;;;;;;;;;;;;;
;;Tarea 17:;[REQ002] Olvidar contraseña;#¡VALOR!;;;Tarea 14:;[REQ015] Consultar Clientes;#¡VALOR!;;;;;;;;Tarea 11:;[REQ014] Editar Técnico;#¡VALOR!;;;;;;;;;;;;;;;;;;;;;;;;;;;;;;;;
;;Descripción:;Administrador, técnico, cliente necesitan deberá permitir la recuperación de la contraseña asi podran recuperar el acceso al perfil de forma autónoma.;#¡VALOR!;;;Descripción:;Administrador necesita consultar clientes registrados en el Sistema asi podra visualizar a los usuarios mediante búsquedas y ordenaciones.;#¡VALOR!;;;;;;;;Descripción:;Administrador necesita editar o eliminar la información de un técnico  así podrá  mantener los perfiles al día o dar de baja a personal inactivo.;#¡VALOR!;;;;;;;;;;;;;;;;;;;;;;;;;;;;;;;;
;;Inicio:;07/07/2026;#¡VALOR!;;;Inicio:;30/06/2026;#¡VALOR!;;;;;;;;Inicio:;23/06/2026;#¡VALOR!;;;;;;;;;;;;;;;;;;;;;;;;;;;;;;;;
;;Previsto:;11/07/2026;#¡VALOR!;;;Previsto:;04/07/2026;#¡VALOR!;;;;;;;;Previsto:;27/06/2026;#¡VALOR!;;;;;;;;;;;;;;;;;;;;;;;;;;;;;;;;
;;Final:;11/07/2026;#¡VALOR!;;;Final:;04/07/2026;#¡VALOR!;;;;;;;;Final:;27/06/2026;#¡VALOR!;;;;;;;;;;;;;;;;;;;;;;;;;;;;;;;;
;;Duración:;5 días;#¡VALOR!;;;Duración:;5 días;#¡VALOR!;;;;;;;;Duración:;5 días;#¡VALOR!;;;;;;;;;;;;;;;;;;;;;;;;;;;;;;;;
;;Retraso:;0 días;#¡VALOR!;;;Retraso:;0 días;#¡VALOR!;;;;;;;;Retraso:;0 días;#¡VALOR!;;;;;;;;;;;;;;;;;;;;;;;;;;;;;;;;
;;Asignado:;Lasso Sebastian;;;;Asignado:;Lasso Sebastian;;;;;;;;;Asignado:;Villarroel Justin;;;;;;;;;;;;;;;;;;;;;;;;;;;;;;;;;
;;;;#¡VALOR!;;;;;#¡VALOR!;;;;;;;;;;#¡VALOR!;;;;;;;;;;;;;;;;;;;;;;;;;;;;;;;;
;;Tarea 16:;[REQ010] Imprimir Informe;#¡VALOR!;;;Tarea 13:;[REQ011] Notificaciones Externas;#¡VALOR!;;;;;;;;Tarea 10:;[REQ009] Reasignar Técnico;#¡VALOR!;;;;;;;;;;;;;;;;;;;;;;;;;;;;;;;;
;;Descripción:;Administrador, Técnico necesitan permitir imprimir la información solicitada asi podran obtener un informe físico o digital previo a la ejecución.;#¡VALOR!;;;Descripción:;"Pruebas para  elDiseño de BD
Diseño de Arquitectura Sw
Diseño de Interfaz ";#¡VALOR!;;;;;;;;Descripción:;Administrador necesita reasignar un técnico diferente a un mantenimiento así podrá redistribuir la carga laboral o solventar ausencias del personal.;#¡VALOR!;;;;;;;;;;;;;;;;;;;;;;;;;;;;;;;;
;;Inicio:;07/07/2026;#¡VALOR!;;;Inicio:;30/06/2026;#¡VALOR!;;;;;;;;Inicio:;23/06/2026;#¡VALOR!;;;;;;;;;;;;;;;;;;;;;;;;;;;;;;;;
;;Previsto:;11/07/2026;#¡VALOR!;;;Previsto:;04/07/2026;#¡VALOR!;;;;;;;;Previsto:;27/06/2026;#¡VALOR!;;;;;;;;;;;;;;;;;;;;;;;;;;;;;;;;
;;Final:;11/07/2026;#¡VALOR!;;;Final:;04/07/2026;#¡VALOR!;;;;;;;;Final:;27/06/2026;#¡VALOR!;;;;;;;;;;;;;;;;;;;;;;;;;;;;;;;;
;;Duración:;5 días;#¡VALOR!;;;Duración:;5 días;#¡VALOR!;;;;;;;;Duración:;5 días;#¡VALOR!;;;;;;;;;;;;;;;;;;;;;;;;;;;;;;;;
;;Retraso:;0 días;#¡VALOR!;;;Retraso:;0 días;#¡VALOR!;;;;;;;;Retraso:;0 días;#¡VALOR!;;;;;;;;;;;;;;;;;;;;;;;;;;;;;;;;
;;Asignado:;Valencia Yuliana;;;;Asignado:;Villarroel Justin;;;;;;;;;Asignado:;Lasso Sebastian;;;;;;;;;;;;;;;;;;;;;;;;;;;;;;;;;
;;;;;;;;;;;;;;;;;;;#¡VALOR!;;;;;;;;;;;;;;;;;;;;;;;;;;;;;;;;
;;;;;;;;;;;;;;;;;Tarea 9:;[REQ007] Editar Mantenimiento;#¡VALOR!;;;;;;;;;;;;;;;;;;;;;;;;;;;;;;;;
;;;;;;;;;;;;;;;;;Descripción:;Administrador, Técnico necesitan editar mantenimientos así podrán actualizar el progreso, diagnóstico y estado de las reparaciones.;#¡VALOR!;;;;;;;;;;;;;;;;;;;;;;;;;;;;;;;;
;;;;;;;;;;;;;;;;;Inicio:;23/06/2026;#¡VALOR!;;;;;;;;;;;;;;;;;;;;;;;;;;;;;;;;
;;;;;;;;;;;;;;;;;Previsto:;27/06/2026;#¡VALOR!;;;;;;;;;;;;;;;;;;;;;;;;;;;;;;;;
;;;;;;;;;;;;;;;;;Final:;27/06/2026;#¡VALOR!;;;;;;;;;;;;;;;;;;;;;;;;;;;;;;;;
;;;;;;;;;;;;;;;;;Duración:;5 días;#¡VALOR!;;;;;;;;;;;;;;;;;;;;;;;;;;;;;;;;
;;;;;;;;;;;;;;;;;Retraso:;0 días;#¡VALOR!;;;;;;;;;;;;;;;;;;;;;;;;;;;;;;;;
;;;;;;;;;;;;;;;;;Asignado:;Villarroel Justin;;;;;;;;;;;;;;;;;;;;;;;;;;;;;;;;;
;;;;;;;;;;;;;;;;;;;#¡VALOR!;;;;;;;;;;;;;;;;;;;;;;;;;;;;;;;;
;;;;;;;;;;;;;;;;;Tarea 8:;[REQ013] Consultar Técnicos;#¡VALOR!;;;;;;;;;;;;;;;;;;;;;;;;;;;;;;;;
;;;;;;;;;;;;;;;;;Descripción:;Administrador necesita consultar los técnicos registrados así podrá localizarlos rápidamente mediante búsquedas, filtros, y ordenaciones.;#¡VALOR!;;;;;;;;;;;;;;;;;;;;;;;;;;;;;;;;
;;;;;;;;;;;;;;;;;Inicio:;16/06/2026;#¡VALOR!;;;;;;;;;;;;;;;;;;;;;;;;;;;;;;;;
;;;;;;;;;;;;;;;;;Previsto:;20/06/2026;#¡VALOR!;;;;;;;;;;;;;;;;;;;;;;;;;;;;;;;;
;;;;;;;;;;;;;;;;;Final:;20/06/2026;#¡VALOR!;;;;;;;;;;;;;;;;;;;;;;;;;;;;;;;;
;;;;;;;;;;;;;;;;;Duración:;5 días;#¡VALOR!;;;;;;;;;;;;;;;;;;;;;;;;;;;;;;;;
;;;;;;;;;;;;;;;;;Retraso:;0 días;#¡VALOR!;;;;;;;;;;;;;;;;;;;;;;;;;;;;;;;;
;;;;;;;;;;;;;;;;;Asignado:;Lasso Sebastian;;;;;;;;;;;;;;;;;;;;;;;;;;;;;;;;;
;;;;;;;;;;;;;;;;;;;#¡VALOR!;;;;;;;;;;;;;;;;;;;;;;;;;;;;;;;;
;;;;;;;;;;;;;;;;;Tarea 7:;[REQ008] Asignar Técnico;#¡VALOR!;;;;;;;;;;;;;;;;;;;;;;;;;;;;;;;;
;;;;;;;;;;;;;;;;;Descripción:;Administrador necesita asignar un técnico a un mantenimiento por registrar así podrá designar a un responsable directo desde el momento de ingreso del equipo.;#¡VALOR!;;;;;;;;;;;;;;;;;;;;;;;;;;;;;;;;
;;;;;;;;;;;;;;;;;Inicio:;16/06/2026;#¡VALOR!;;;;;;;;;;;;;;;;;;;;;;;;;;;;;;;;
;;;;;;;;;;;;;;;;;Previsto:;20/06/2026;#¡VALOR!;;;;;;;;;;;;;;;;;;;;;;;;;;;;;;;;
;;;;;;;;;;;;;;;;;Final:;20/06/2026;#¡VALOR!;;;;;;;;;;;;;;;;;;;;;;;;;;;;;;;;
;;;;;;;;;;;;;;;;;Duración:;5 días;#¡VALOR!;;;;;;;;;;;;;;;;;;;;;;;;;;;;;;;;
;;;;;;;;;;;;;;;;;Retraso:;0 días;#¡VALOR!;;;;;;;;;;;;;;;;;;;;;;;;;;;;;;;;
;;;;;;;;;;;;;;;;;Asignado:;Villarroel Justin;;;;;;;;;;;;;;;;;;;;;;;;;;;;;;;;;
;;;;;;;;;;;;;;;;;;;#¡VALOR!;;;;;;;;;;;;;;;;;;;;;;;;;;;;;;;;
;;;;;;;;;;;;;;;;;Tarea 6:;[REQ006] Consultar Mantenimientos;#¡VALOR!;;;;;;;;;;;;;;;;;;;;;;;;;;;;;;;;
;;;;;;;;;;;;;;;;;Descripción:;"Administrador necesita consultar todos los mantenimientos; así se podrán aplicar búsquedas, filtros y ordenaciones para encontrar equipos rápidamente.";#¡VALOR!;;;;;;;;;;;;;;;;;;;;;;;;;;;;;;;;
;;;;;;;;;;;;;;;;;Inicio:;16/06/2026;#¡VALOR!;;;;;;;;;;;;;;;;;;;;;;;;;;;;;;;;
;;;;;;;;;;;;;;;;;Previsto:;20/06/2026;#¡VALOR!;;;;;;;;;;;;;;;;;;;;;;;;;;;;;;;;
;;;;;;;;;;;;;;;;;Final:;20/06/2026;#¡VALOR!;;;;;;;;;;;;;;;;;;;;;;;;;;;;;;;;
;;;;;;;;;;;;;;;;;Duración:;5 días;#¡VALOR!;;;;;;;;;;;;;;;;;;;;;;;;;;;;;;;;
;;;;;;;;;;;;;;;;;Retraso:;0 días;#¡VALOR!;;;;;;;;;;;;;;;;;;;;;;;;;;;;;;;;
;;;;;;;;;;;;;;;;;Asignado:;Valencia Yuliana;;;;;;;;;;;;;;;;;;;;;;;;;;;;;;;;;
;;;;;;;;;;;;;;;;;;;#¡VALOR!;;;;;;;;;;;;;;;;;;;;;;;;;;;;;;;;
;;;;;;;;;;;;;;;;;Tarea 5:;[REQ005] Registrar Mantenimiento;#¡VALOR!;;;;;;;;;;;;;;;;;;;;;;;;;;;;;;;;
;;;;;;;;;;;;;;;;;Descripción:;Administrador necesita registrar mantenimientos en el sistema así se podria iniciar la gestión y seguimiento técnico de los dispositivos.;#¡VALOR!;;;;;;;;;;;;;;;;;;;;;;;;;;;;;;;;
;;;;;;;;;;;;;;;;;Inicio:;16/06/2026;#¡VALOR!;;;;;;;;;;;;;;;;;;;;;;;;;;;;;;;;
;;;;;;;;;;;;;;;;;Previsto:;20/06/2026;#¡VALOR!;;;;;;;;;;;;;;;;;;;;;;;;;;;;;;;;
;;;;;;;;;;;;;;;;;Final:;20/06/2026;#¡VALOR!;;;;;;;;;;;;;;;;;;;;;;;;;;;;;;;;
;;;;;;;;;;;;;;;;;Duración:;5 días;#¡VALOR!;;;;;;;;;;;;;;;;;;;;;;;;;;;;;;;;
;;;;;;;;;;;;;;;;;Retraso:;0 días;#¡VALOR!;;;;;;;;;;;;;;;;;;;;;;;;;;;;;;;;
;;;;;;;;;;;;;;;;;Asignado:;Lasso Sebastian;;;;;;;;;;;;;;;;;;;;;;;;;;;;;;;;;
;;;;;;;;;;;;;;;;;;;#¡VALOR!;;;;;;;;;;;;;;;;;;;;;;;;;;;;;;;;
;;;;;;;;;;;;;;;;;Tarea 4:;[REQ012] Crear Perfil de Técnico;#¡VALOR!;;;;;;;;;;;;;;;;;;;;;;;;;;;;;;;;
;;;;;;;;;;;;;;;;;Descripción:;Administrador necesita registrar un nuevo perfil de técnico y así podrá ingresar los datos del nuevo personal reparador al sistema.;#¡VALOR!;;;;;;;;;;;;;;;;;;;;;;;;;;;;;;;;
;;;;;;;;;;;;;;;;;Inicio:;09/06/2026;#¡VALOR!;;;;;;;;;;;;;;;;;;;;;;;;;;;;;;;;
;;;;;;;;;;;;;;;;;Previsto:;13/06/2026;#¡VALOR!;;;;;;;;;;;;;;;;;;;;;;;;;;;;;;;;
;;;;;;;;;;;;;;;;;Final:;13/06/2026;#¡VALOR!;;;;;;;;;;;;;;;;;;;;;;;;;;;;;;;;
;;;;;;;;;;;;;;;;;Duración:;5 días;#¡VALOR!;;;;;;;;;;;;;;;;;;;;;;;;;;;;;;;;
;;;;;;;;;;;;;;;;;Retraso:;0 días;#¡VALOR!;;;;;;;;;;;;;;;;;;;;;;;;;;;;;;;;
;;;;;;;;;;;;;;;;;Asignado:;Villarroel Justin;;;;;;;;;;;;;;;;;;;;;;;;;;;;;;;;;
;;;;;;;;;;;;;;;;;;;#¡VALOR!;;;;;;;;;;;;;;;;;;;;;;;;;;;;;;;;
;;;;;;;;;;;;;;;;;Tarea 3:;[REQ004] Crear Perfil a Cliente;#¡VALOR!;;;;;;;;;;;;;;;;;;;;;;;;;;;;;;;;
;;;;;;;;;;;;;;;;;Descripción:;Administrador necesita registrar un nuevo perfil para el cliente  así se podrá centralizar la creación de usuarios desde el taller físico.;#¡VALOR!;;;;;;;;;;;;;;;;;;;;;;;;;;;;;;;;
;;;;;;;;;;;;;;;;;Inicio:;09/06/2026;#¡VALOR!;;;;;;;;;;;;;;;;;;;;;;;;;;;;;;;;
;;;;;;;;;;;;;;;;;Previsto:;13/06/2026;#¡VALOR!;;;;;;;;;;;;;;;;;;;;;;;;;;;;;;;;
;;;;;;;;;;;;;;;;;Final:;13/06/2026;#¡VALOR!;;;;;;;;;;;;;;;;;;;;;;;;;;;;;;;;
;;;;;;;;;;;;;;;;;Duración:;5 días;#¡VALOR!;;;;;;;;;;;;;;;;;;;;;;;;;;;;;;;;
;;;;;;;;;;;;;;;;;Retraso:;0 días;#¡VALOR!;;;;;;;;;;;;;;;;;;;;;;;;;;;;;;;;
;;;;;;;;;;;;;;;;;Asignado:;Lasso Sebastian;;;;;;;;;;;;;;;;;;;;;;;;;;;;;;;;;
;;;;;;;;;;;;;;;;;;;#¡VALOR!;;;;;;;;;;;;;;;;;;;;;;;;;;;;;;;;
;;;;;;;;;;;;;;;;;Tarea 2:;[REQ003] Registrar perfil;#¡VALOR!;;;;;;;;;;;;;;;;;;;;;;;;;;;;;;;;
;;;;;;;;;;;;;;;;;Descripción:;Administrador, cliente necesita registrar un nuevo perfil  así se podrá tener una cuenta en el sistema ingresando mi información requerida.;#¡VALOR!;;;;;;;;;;;;;;;;;;;;;;;;;;;;;;;;
;;;;;;;;;;;;;;;;;Inicio:;09/06/2026;#¡VALOR!;;;;;;;;;;;;;;;;;;;;;;;;;;;;;;;;
;;;;;;;;;;;;;;;;;Previsto:;13/06/2026;#¡VALOR!;;;;;;;;;;;;;;;;;;;;;;;;;;;;;;;;
;;;;;;;;;;;;;;;;;Final:;13/06/2026;#¡VALOR!;;;;;;;;;;;;;;;;;;;;;;;;;;;;;;;;
;;;;;;;;;;;;;;;;;Duración:;5 días;#¡VALOR!;;;;;;;;;;;;;;;;;;;;;;;;;;;;;;;;
;;;;;;;;;;;;;;;;;Retraso:;0 días;#¡VALOR!;;;;;;;;;;;;;;;;;;;;;;;;;;;;;;;;
;;;;;;;;;;;;;;;;;Asignado:;Valencia Yuliana;;;;;;;;;;;;;;;;;;;;;;;;;;;;;;;;;
;;;;;;;;;;;;;;;;;;;#¡VALOR!;;;;;;;;;;;;;;;;;;;;;;;;;;;;;;;;
;;;;;;;;;;;;;;;;;Tarea 1:;[REQ001] Iniciar Sesión;#¡VALOR!;;;;;;;;;;;;;;;;;;;;;;;;;;;;;;;;
;;;;;;;;;;;;;;;;;Descripción:;Administrador, técnico, cliente podrán iniciar sesión en la plataforma, así se podrá tener acceso a los distintos tipos de gestiones según mi rol.;#¡VALOR!;;;;;;;;;;;;;;;;;;;;;;;;;;;;;;;;
;;;;;;;;;;;;;;;;;Inicio:;09/06/2026;#¡VALOR!;;;;;;;;;;;;;;;;;;;;;;;;;;;;;;;;
;;;;;;;;;;;;;;;;;Previsto:;13/06/2026;#¡VALOR!;;;;;;;;;;;;;;;;;;;;;;;;;;;;;;;;
;;;;;;;;;;;;;;;;;Final:;13/06/2026;#¡VALOR!;;;;;;;;;;;;;;;;;;;;;;;;;;;;;;;;
;;;;;;;;;;;;;;;;;Duración:;5 días;#¡VALOR!;;;;;;;;;;;;;;;;;;;;;;;;;;;;;;;;
;;;;;;;;;;;;;;;;;Retraso:;0 días;#¡VALOR!;;;;;;;;;;;;;;;;;;;;;;;;;;;;;;;;
;;;;;;;;;;;;;;;;;Asignado:;Villarroel Justin;;;;;;;;;;;;;;;;;;;;;;;;;;;;;;;;;
;;;;;;;;;;;;;;;;;;;;;;;;;;;;;;;;;;;;;;;;;;;;;;;;;;;
;;;;;;;;;;;;;;;;;;;;;;;;;;;;;;;;;;;;;;;;;;;;;;;;;;;
;;;;;;;;;;;;;;;;;;;;;;;;;;;;;;;;;;;;;;;;;;;;;;;;;;;
;;;;;;;;;;;;;;;;;;;;;;;;;;;;;;;;;;;;;;;;;;;;;;;;;;;
;;;;;;;;;;;;;;;;;;;;;;;;;;;;;;;;;;;;;;;;;;;;;;;;;;;
;;;;;;;;;;;;;;;;;;;;;;;;;;;;;;;;;;;;;;;;;;;;;;;;;;;
;;;;;;;;;;;;;;;;;;;;;;;;;;;;;;;;;;;;;;;;;;;;;;;;;;;
;;;;;;;;;;;;;;;;;;;;;;;;;;;;;;;;;;;;;;;;;;;;;;;;;;;
;;;;;;;;;;;;;;;;;;;;;;;;;;;;;;;;;;;;;;;;;;;;;;;;;;;
;;;;;;;;;;;;;;;;;;;;;;;;;;;;;;;;;;;;;;;;;;;;;;;;;;;
;;;;;;;;;;;;;;;;;;;;;;;;;;;;;;;;;;;;;;;;;;;;;;;;;;;
;;;;;;;;;;;;;;;;;;;;;;;;;;;;;;;;;;;;;;;;;;;;;;;;;;;
;;;;;;;;;;;;;;;;;;;;;;;;;;;;;;;;;;;;;;;;;;;;;;;;;;;
;;;;;;;;;;;;;;;;;;;;;;;;;;;;;;;;;;;;;;;;;;;;;;;;;;;
;;;;;;;;;;;;;;;;;;;;;;;;;;;;;;;;;;;;;;;;;;;;;;;;;;;
;;;;;;;;;;;;;;;;;;;;;;;;;;;;;;;;;;;;;;;;;;;;;;;;;;;
;;;;;;;;;;;;;;;;;;;;;;;;;;;;;;;;;;;;;;;;;;;;;;;;;;;
;;;;;;;;;;;;;;;;;;;;;;;;;;;;;;;;;;;;;;;;;;;;;;;;;;;
;;;;;;;;;;;;;;;;;;;;;;;;;;;;;;;;;;;;;;;;;;;;;;;;;;;
;;;;;;;;;;;;;;;;;;;;;;;;;;;;;;;;;;;;;;;;;;;;;;;;;;;
;;;;;;;;;;;;;;;;;;;;;;;;;;;;;;;;;;;;;;;;;;;;;;;;;;;
;;;;;;;;;;;;;;;;;;;;;;;;;;;;;;;;;;;;;;;;;;;;;;;;;;;
;;;;;;;;;;;;;;;;;;;;;;;;;;;;;;;;;;;;;;;;;;;;;;;;;;;
;;;;;;;;;;;;;;;;;;;;;;;;;;;;;;;;;;;;;;;;;;;;;;;;;;;
;;;;;;;;;;;;;;;;;;;;;;;;;;;;;;;;;;;;;;;;;;;;;;;;;;;
;;;;;;;;;;;;;;;;;;;;;;;;;;;;;;;;;;;;;;;;;;;;;;;;;;;
;;;;;;;;;;;;;;;;;;;;;;;;;;;;;;;;;;;;;;;;;;;;;;;;;;;
;;;;;;;;;;;;;;;;;;;;;;;;;;;;;;;;;;;;;;;;;;;;;;;;;;;
;;;;;;;;;;;;;;;;;;;;;;;;;;;;;;;;;;;;;;;;;;;;;;;;;;;
;;;;;;;;;;;;;;;;;;;;;;;;;;;;;;;;;;;;;;;;;;;;;;;;;;;
;;;;;;;;;;;;;;;;;;;;;;;;;;;;;;;;;;;;;;;;;;;;;;;;;;;
;;;;;;;;;;;;;;;;;;;;;;;;;;;;;;;;;;;;;;;;;;;;;;;;;;;
;;;;;;;;;;;;;;;;;;;;;;;;;;;;;;;;;;;;;;;;;;;;;;;;;;;
;;;;;;;;;;;;;;;;;;;;;;;;;;;;;;;;;;;;;;;;;;;;;;;;;;;
;;;;;;;;;;;;;;;;;;;;;;;;;;;;;;;;;;;;;;;;;;;;;;;;;;;
;;;;;;;;;;;;;;;;;;;;;;;;;;;;;;;;;;;;;;;;;;;;;;;;;;;
;;;;;;;;;;;;;;;;;;;;;;;;;;;;;;;;;;;;;;;;;;;;;;;;;;;
;;;;;;;;;;;;;;;;;;;;;;;;;;;;;;;;;;;;;;;;;;;;;;;;;;;
;;;;;;;;;;;;;;;;;;;;;;;;;;;;;;;;;;;;;;;;;;;;;;;;;;;
;;;;;;;;;;;;;;;;;;;;;;;;;;;;;;;;;;;;;;;;;;;;;;;;;;;
;;;;;;;;;;;;;;;;;;;;;;;;;;;;;;;;;;;;;;;;;;;;;;;;;;;
;;;;;;;;;;;;;;;;;;;;;;;;;;;;;;;;;;;;;;;;;;;;;;;;;;;
;;;;;;;;;;;;;;;;;;;;;;;;;;;;;;;;;;;;;;;;;;;;;;;;;;;
;;;;;;;;;;;;;;;;;;;;;;;;;;;;;;;;;;;;;;;;;;;;;;;;;;;
;;;;;;;;;;;;;;;;;;;;;;;;;;;;;;;;;;;;;;;;;;;;;;;;;;;
;;;;;;;;;;;;;;;;;;;;;;;;;;;;;;;;;;;;;;;;;;;;;;;;;;;
;;;;;;;;;;;;;;;;;;;;;;;;;;;;;;;;;;;;;;;;;;;;;;;;;;;
;;;;;;;;;;;;;;;;;;;;;;;;;;;;;;;;;;;;;;;;;;;;;;;;;;;
;;;;;;;;;;;;;;;;;;;;;;;;;;;;;;;;;;;;;;;;;;;;;;;;;;;
;;;;;;;;;;;;;;;;;;;;;;;;;;;;;;;;;;;;;;;;;;;;;;;;;;;
;;;;;;;;;;;;;;;;;;;;;;;;;;;;;;;;;;;;;;;;;;;;;;;;;;;
;;;;;;;;;;;;;;;;;;;;;;;;;;;;;;;;;;;;;;;;;;;;;;;;;;;
;;;;;;;;;;;;;;;;;;;;;;;;;;;;;;;;;;;;;;;;;;;;;;;;;;;
;;;;;;;;;;;;;;;;;;;;;;;;;;;;;;;;;;;;;;;;;;;;;;;;;;;
;;;;;;;;;;;;;;;;;;;;;;;;;;;;;;;;;;;;;;;;;;;;;;;;;;;
;;;;;;;;;;;;;;;;;;;;;;;;;;;;;;;;;;;;;;;;;;;;;;;;;;;
;;;;;;;;;;;;;;;;;;;;;;;;;;;;;;;;;;;;;;;;;;;;;;;;;;;
;;;;;;;;;;;;;;;;;;;;;;;;;;;;;;;;;;;;;;;;;;;;;;;;;;;
;;;;;;;;;;;;;;;;;;;;;;;;;;;;;;;;;;;;;;;;;;;;;;;;;;;
;;;;;;;;;;;;;;;;;;;;;;;;;;;;;;;;;;;;;;;;;;;;;;;;;;;
;;;;;;;;;;;;;;;;;;;;;;;;;;;;;;;;;;;;;;;;;;;;;;;;;;;
;;;;;;;;;;;;;;;;;;;;;;;;;;;;;;;;;;;;;;;;;;;;;;;;;;;
;;;;;;;;;;;;;;;;;;;;;;;;;;;;;;;;;;;;;;;;;;;;;;;;;;;
;;;;;;;;;;;;;;;;;;;;;;;;;;;;;;;;;;;;;;;;;;;;;;;;;;;
;;;;;;;;;;;;;;;;;;;;;;;;;;;;;;;;;;;;;;;;;;;;;;;;;;;
;;;;;;;;;;;;;;;;;;;;;;;;;;;;;;;;;;;;;;;;;;;;;;;;;;;
;;;;;;;;;;;;;;;;;;;;;;;;;;;;;;;;;;;;;;;;;;;;;;;;;;;
;;;;;;;;;;;;;;;;;;;;;;;;;;;;;;;;;;;;;;;;;;;;;;;;;;;
;;;;;;;;;;;;;;;;;;;;;;;;;;;;;;;;;;;;;;;;;;;;;;;;;;;
;;;;;;;;;;;;;;;;;;;;;;;;;;;;;;;;;;;;;;;;;;;;;;;;;;;
;;;;;;;;;;;;;;;;;;;;;;;;;;;;;;;;;;;;;;;;;;;;;;;;;;;
;;;;;;;;;;;;;;;;;;;;;;;;;;;;;;;;;;;;;;;;;;;;;;;;;;;
;;;;;;;;;;;;;;;;;;;;;;;;;;;;;;;;;;;;;;;;;;;;;;;;;;;
;;;;;;;;;;;;;;;;;;;;;;;;;;;;;;;;;;;;;;;;;;;;;;;;;;;
;;;;;;;;;;;;;;;;;;;;;;;;;;;;;;;;;;;;;;;;;;;;;;;;;;;
;;;;;;;;;;;;;;;;;;;;;;;;;;;;;;;;;;;;;;;;;;;;;;;;;;;
;;;;;;;;;;;;;;;;;;;;;;;;;;;;;;;;;;;;;;;;;;;;;;;;;;;
;;;;;;;;;;;;;;;;;;;;;;;;;;;;;;;;;;;;;;;;;;;;;;;;;;;
;;;;;;;;;;;;;;;;;;;;;;;;;;;;;;;;;;;;;;;;;;;;;;;;;;;
;;;;;;;;;;;;;;;;;;;;;;;;;;;;;;;;;;;;;;;;;;;;;;;;;;;
;;;;;;;;;;;;;;;;;;;;;;;;;;;;;;;;;;;;;;;;;;;;;;;;;;;
;;;;;;;;;;;;;;;;;;;;;;;;;;;;;;;;;;;;;;;;;;;;;;;;;;;
;;;;;;;;;;;;;;;;;;;;;;;;;;;;;;;;;;;;;;;;;;;;;;;;;;;
;;;;;;;;;;;;;;;;;;;;;;;;;;;;;;;;;;;;;;;;;;;;;;;;;;;
;;;;;;;;;;;;;;;;;;;;;;;;;;;;;;;;;;;;;;;;;;;;;;;;;;;
;;;;;;;;;;;;;;;;;;;;;;;;;;;;;;;;;;;;;;;;;;;;;;;;;;;
;;;;;;;;;;;;;;;;;;;;;;;;;;;;;;;;;;;;;;;;;;;;;;;;;;;
;;;;;;;;;;;;;;;;;;;;;;;;;;;;;;;;;;;;;;;;;;;;;;;;;;;
;;;;;;;;;;;;;;;;;;;;;;;;;;;;;;;;;;;;;;;;;;;;;;;;;;;
;;;;;;;;;;;;;;;;;;;;;;;;;;;;;;;;;;;;;;;;;;;;;;;;;;;
